Arrival_Departure,Domestic_International,FlightType,Passenger_Count
Arrival,Domestic,Scheduled Carriers,1128607
Arrival,Domestic,Scheduled Carriers,2419169
Departure,Domestic,Scheduled Carriers,2400638
Arrival,Domestic,Scheduled Carriers,1918767
Departure,Domestic,Scheduled Carriers,1957849
Arrival,Domestic,Scheduled Carriers,1913707
Arrival,Domestic,Scheduled Carriers,1621331
Departure,Domestic,Scheduled Carriers,1877929
Departure,Domestic,Scheduled Carriers,1702684
Departure,Domestic,Scheduled Carriers,1689324
Arrival,Domestic,Scheduled Carriers,1748460
Departure,Domestic,Scheduled Carriers,2693401
Arrival,Domestic,Scheduled Carriers,2812189
Arrival,Domestic,Scheduled Carriers,1545427
Departure,Domestic,Scheduled Carriers,1760630
Departure,Domestic,Scheduled Carriers,2499352
Departure,Domestic,Scheduled Carriers,1681376
Departure,Domestic,Scheduled Carriers,1766381
Arrival,Domestic,Scheduled Carriers,1640008
Arrival,Domestic,Scheduled Carriers,1787806
Departure,Domestic,Scheduled Carriers,1642575
Departure,Domestic,Scheduled Carriers,2575038
Arrival,Domestic,Scheduled Carriers,1525301
Departure,Domestic,Scheduled Carriers,2452681
Arrival,Domestic,Scheduled Carriers,1747732
Departure,Domestic,Scheduled Carriers,1996769
Departure,Domestic,Scheduled Carriers,1789719
Departure,Domestic,Scheduled Carriers,2236802
Departure,Domestic,Scheduled Carriers,2689850
Departure,Domestic,Scheduled Carriers,2337548
Arrival,Domestic,Scheduled Carriers,1432532
Departure,Domestic,Scheduled Carriers,1837085
Departure,Domestic,Scheduled Carriers,1519278
Arrival,Domestic,Scheduled Carriers,2164662
Departure,Domestic,Scheduled Carriers,1956610
Arrival,Domestic,Scheduled Carriers,2579984
Arrival,Domestic,Scheduled Carriers,1874453
Arrival,Domestic,Scheduled Carriers,1843685
Departure,Domestic,Scheduled Carriers,2777599
Arrival,Domestic,Scheduled Carriers,2318952
Arrival,Domestic,Scheduled Carriers,1964766
Departure,Domestic,Scheduled Carriers,2539210
Arrival,Domestic,Scheduled Carriers,1561959
Departure,Domestic,Scheduled Carriers,1665955
Arrival,Domestic,Scheduled Carriers,2230082
Arrival,Domestic,Scheduled Carriers,2013122
Departure,Domestic,Scheduled Carriers,1364814
Arrival,Domestic,Scheduled Carriers,1857973
Arrival,Domestic,Scheduled Carriers,2024477
Departure,Domestic,Scheduled Carriers,2381112
Arrival,Domestic,Scheduled Carriers,2450278
Arrival,Domestic,Scheduled Carriers,1714621
Departure,Domestic,Scheduled Carriers,2010458
Departure,Domestic,Scheduled Carriers,1922139
Departure,Domestic,Scheduled Carriers,2984321
Arrival,Domestic,Scheduled Carriers,2588048
Departure,Domestic,Scheduled Carriers,2922417
Departure,Domestic,Scheduled Carriers,1943764
Arrival,Domestic,Scheduled Carriers,1466166
Departure,Domestic,Scheduled Carriers,250998
Arrival,Domestic,Scheduled Carriers,1696586
Departure,Domestic,Scheduled Carriers,1950406
Arrival,Domestic,Scheduled Carriers,2139177
Arrival,Domestic,Scheduled Carriers,2126552
Departure,Domestic,Scheduled Carriers,697304
Arrival,Domestic,Scheduled Carriers,1951129
Departure,Domestic,Scheduled Carriers,1636819
Departure,Domestic,Scheduled Carriers,2005070
Departure,Domestic,Scheduled Carriers,1696855
Arrival,Domestic,Scheduled Carriers,2535278
Departure,Domestic,Scheduled Carriers,1374599
Arrival,Domestic,Scheduled Carriers,1843269
Arrival,Domestic,Scheduled Carriers,1713427
Departure,Domestic,Scheduled Carriers,1951478
Departure,Domestic,Scheduled Carriers,2462316
Arrival,Domestic,Scheduled Carriers,2486330
Departure,Domestic,Scheduled Carriers,2494814
Arrival,Domestic,Scheduled Carriers,2017640
Departure,Domestic,Scheduled Carriers,1261864
Departure,Domestic,Scheduled Carriers,1701184
Departure,Domestic,Scheduled Carriers,1894245
Arrival,Domestic,Scheduled Carriers,2330768
Arrival,Domestic,Scheduled Carriers,2343882
Departure,Domestic,Scheduled Carriers,2550389
Departure,Domestic,Scheduled Carriers,2143951
Departure,Domestic,Scheduled Carriers,2304382
Arrival,Domestic,Scheduled Carriers,2010929
Departure,Domestic,Scheduled Carriers,1638140
Arrival,Domestic,Scheduled Carriers,2758501
Departure,Domestic,Scheduled Carriers,839055
Departure,Domestic,Scheduled Carriers,1580238
Departure,Domestic,Scheduled Carriers,844961
Arrival,Domestic,Scheduled Carriers,1899213
Arrival,Domestic,Scheduled Carriers,1784339
Departure,Domestic,Scheduled Carriers,2834451
Departure,Domestic,Scheduled Carriers,2159819
Departure,Domestic,Scheduled Carriers,2881061
Departure,Domestic,Scheduled Carriers,1968906
Arrival,Domestic,Scheduled Carriers,2093165
Arrival,Domestic,Scheduled Carriers,2559984
Arrival,Domestic,Scheduled Carriers,1424520
Departure,Domestic,Scheduled Carriers,1675442
Departure,Domestic,Scheduled Carriers,2850617
Departure,Domestic,Scheduled Carriers,1883942
Arrival,Domestic,Scheduled Carriers,1578485
Arrival,Domestic,Scheduled Carriers,2907593
Arrival,Domestic,Scheduled Carriers,2335786
Departure,Domestic,Scheduled Carriers,1603070
Arrival,Domestic,Scheduled Carriers,1986250
Arrival,Domestic,Scheduled Carriers,2780424
Arrival,Domestic,Scheduled Carriers,1927748
Departure,Domestic,Scheduled Carriers,2769477
Departure,Domestic,Scheduled Carriers,1620376
Arrival,Domestic,Scheduled Carriers,2348598
Arrival,Domestic,Scheduled Carriers,1945901
Arrival,Domestic,Scheduled Carriers,2407910
Arrival,Domestic,Scheduled Carriers,1849427
Arrival,Domestic,Scheduled Carriers,1685633
Departure,Domestic,Scheduled Carriers,2464224
Arrival,Domestic,Scheduled Carriers,1460617
Departure,Domestic,Scheduled Carriers,1434506
Departure,Domestic,Scheduled Carriers,1458427
Arrival,Domestic,Scheduled Carriers,2364152
Departure,Domestic,Scheduled Carriers,1738059
Departure,Domestic,Scheduled Carriers,1569708
Departure,Domestic,Scheduled Carriers,1561806
Arrival,Domestic,Scheduled Carriers,2372255
Departure,Domestic,Scheduled Carriers,1968698
Arrival,Domestic,Scheduled Carriers,1265282
Arrival,Domestic,Scheduled Carriers,2699220
Departure,Domestic,Scheduled Carriers,1699764
Arrival,Domestic,Scheduled Carriers,743405
Arrival,Domestic,Scheduled Carriers,1745966
Arrival,Domestic,Scheduled Carriers,2468573
Arrival,Domestic,Scheduled Carriers,1680739
Departure,Domestic,Scheduled Carriers,1900947
Arrival,Domestic,Scheduled Carriers,1961775
Arrival,Domestic,Scheduled Carriers,2192051
Departure,Domestic,Scheduled Carriers,2880050
Departure,Domestic,Scheduled Carriers,2011990
Arrival,Domestic,Scheduled Carriers,1758042
Departure,Domestic,Scheduled Carriers,1665982
Arrival,Domestic,Scheduled Carriers,1724161
Departure,Domestic,Scheduled Carriers,2080893
Departure,Domestic,Scheduled Carriers,2666043
Arrival,Domestic,Scheduled Carriers,2326782
Departure,Domestic,Scheduled Carriers,1754309
Departure,Domestic,Scheduled Carriers,1559437
Arrival,Domestic,Scheduled Carriers,1883713
Arrival,Domestic,Scheduled Carriers,1394229
Arrival,Domestic,Scheduled Carriers,2235289
Arrival,Domestic,Scheduled Carriers,2183306
Arrival,Domestic,Scheduled Carriers,2949237
Arrival,Domestic,Scheduled Carriers,1657547
Arrival,Domestic,Scheduled Carriers,700064
Departure,Domestic,Scheduled Carriers,2302366
Arrival,Domestic,Scheduled Carriers,1602443
Arrival,Domestic,Scheduled Carriers,1622706
Departure,Domestic,Scheduled Carriers,1920521
Arrival,Domestic,Scheduled Carriers,1999340
Departure,Domestic,Scheduled Carriers,2128890
Departure,Domestic,Scheduled Carriers,2084821
Arrival,Domestic,Scheduled Carriers,771307
Departure,Domestic,Scheduled Carriers,1835410
Departure,Domestic,Scheduled Carriers,1749870
Departure,Domestic,Scheduled Carriers,1791401
Departure,Domestic,Scheduled Carriers,1424870
Departure,Domestic,Scheduled Carriers,2349237
Arrival,Domestic,Scheduled Carriers,1707002
Departure,Domestic,Scheduled Carriers,1740759
Departure,Domestic,Scheduled Carriers,116260
Departure,Domestic,Scheduled Carriers,1766674
Departure,Domestic,Scheduled Carriers,2065476
Arrival,Domestic,Scheduled Carriers,1758787
Arrival,Domestic,Scheduled Carriers,2371903
Departure,Domestic,Scheduled Carriers,1977530
Departure,Domestic,Scheduled Carriers,1755322
Arrival,Domestic,Scheduled Carriers,1565931
Arrival,Domestic,Scheduled Carriers,1781040
Arrival,Domestic,Scheduled Carriers,1957810
Departure,Domestic,Scheduled Carriers,2206401
Arrival,Domestic,Scheduled Carriers,2149504
Departure,Domestic,Scheduled Carriers,2277170
Arrival,Domestic,Scheduled Carriers,2324465
Departure,Domestic,Scheduled Carriers,1772198
Departure,Domestic,Scheduled Carriers,2476704
Departure,Domestic,Scheduled Carriers,2547758
Arrival,Domestic,Scheduled Carriers,2466974
Departure,Domestic,Scheduled Carriers,2419733
Arrival,Domestic,Scheduled Carriers,2114397
Departure,Domestic,Scheduled Carriers,2152462
Arrival,Domestic,Scheduled Carriers,2303353
Arrival,Domestic,Scheduled Carriers,2494777
Arrival,Domestic,Scheduled Carriers,1543233
Departure,Domestic,Scheduled Carriers,1906160
Departure,Domestic,Scheduled Carriers,2083444
Departure,Domestic,Scheduled Carriers,2780240
Departure,Domestic,Scheduled Carriers,874138
Departure,Domestic,Scheduled Carriers,2136741
Arrival,Domestic,Scheduled Carriers,1937004
Arrival,Domestic,Scheduled Carriers,2191036
Departure,Domestic,Scheduled Carriers,2190502
Arrival,Domestic,Scheduled Carriers,2330822
Arrival,Domestic,Scheduled Carriers,2177422
Departure,Domestic,Scheduled Carriers,2069030
Arrival,Domestic,Scheduled Carriers,2199323
Departure,Domestic,Scheduled Carriers,2173006
Arrival,Domestic,Scheduled Carriers,2078646
Departure,Domestic,Scheduled Carriers,2046103
Arrival,Domestic,Scheduled Carriers,2078123
Arrival,Domestic,Scheduled Carriers,2070175
Departure,Domestic,Scheduled Carriers,2297160
Departure,Domestic,Scheduled Carriers,1748990
Departure,Domestic,Scheduled Carriers,1837665
Departure,Domestic,Scheduled Carriers,1225517
Departure,Domestic,Scheduled Carriers,1772516
Arrival,Domestic,Scheduled Carriers,2217273
Arrival,Domestic,Scheduled Carriers,1978632
Arrival,Domestic,Scheduled Carriers,2680159
Departure,Domestic,Scheduled Carriers,2293791
Departure,Domestic,Scheduled Carriers,1728114
Arrival,Domestic,Scheduled Carriers,1671966
Departure,Domestic,Scheduled Carriers,2559884
Departure,Domestic,Scheduled Carriers,2459135
Arrival,Domestic,Scheduled Carriers,1808012
Arrival,Domestic,Scheduled Carriers,1598923
Arrival,Domestic,Scheduled Carriers,2538167
Departure,Domestic,Scheduled Carriers,1381873
Departure,Domestic,Scheduled Carriers,2224644
Departure,Domestic,Scheduled Carriers,2453034
Arrival,Domestic,Scheduled Carriers,2328248
Arrival,Domestic,Scheduled Carriers,2483310
Departure,Domestic,Scheduled Carriers,2444395
Departure,Domestic,Scheduled Carriers,2663000
Arrival,Domestic,Scheduled Carriers,2131719
Departure,Domestic,Scheduled Carriers,1685571
Arrival,Domestic,Scheduled Carriers,1786166
Departure,Domestic,Scheduled Carriers,1714979
Departure,Domestic,Scheduled Carriers,1748443
Arrival,Domestic,Scheduled Carriers,2084826
Departure,Domestic,Scheduled Carriers,2445911
Arrival,Domestic,Scheduled Carriers,680546
Departure,Domestic,Scheduled Carriers,1408990
Arrival,Domestic,Scheduled Carriers,1608760
Arrival,Domestic,Scheduled Carriers,1763255
Departure,Domestic,Scheduled Carriers,2591582
Departure,Domestic,Scheduled Carriers,2841512
Arrival,Domestic,Scheduled Carriers,1676063
Arrival,Domestic,Scheduled Carriers,2664937
Arrival,Domestic,Scheduled Carriers,2006038
Departure,Domestic,Scheduled Carriers,1608378
Departure,Domestic,Scheduled Carriers,2397205
Departure,Domestic,Scheduled Carriers,2292345
Arrival,Domestic,Scheduled Carriers,2434761
Arrival,Domestic,Scheduled Carriers,2013007
Departure,Domestic,Scheduled Carriers,1498073
Arrival,Domestic,Scheduled Carriers,1971711
Arrival,Domestic,Scheduled Carriers,2488790
Departure,Domestic,Scheduled Carriers,1739572
Arrival,Domestic,Scheduled Carriers,1922648
Arrival,Domestic,Scheduled Carriers,123754
Arrival,Domestic,Scheduled Carriers,1174382
Departure,Domestic,Scheduled Carriers,2577576
Departure,Domestic,Scheduled Carriers,2450580
Departure,Domestic,Scheduled Carriers,1815540
Arrival,Domestic,Scheduled Carriers,2517515
Arrival,Domestic,Scheduled Carriers,2088757
Departure,Domestic,Scheduled Carriers,2140203
Departure,Domestic,Scheduled Carriers,2071211
Arrival,Domestic,Scheduled Carriers,2286154
Departure,Domestic,Scheduled Carriers,1848219
Arrival,Domestic,Scheduled Carriers,2212112
Arrival,Domestic,Scheduled Carriers,1540311
Arrival,Domestic,Scheduled Carriers,747084
Arrival,Domestic,Scheduled Carriers,2549170
Arrival,Domestic,Scheduled Carriers,1370309
Departure,Domestic,Scheduled Carriers,1951175
Arrival,Domestic,Scheduled Carriers,2467565
Departure,Domestic,Scheduled Carriers,2481537
Arrival,Domestic,Scheduled Carriers,2430539
Arrival,Domestic,Scheduled Carriers,1645661
Arrival,Domestic,Scheduled Carriers,1879821
Departure,Domestic,Scheduled Carriers,1549714
Departure,Domestic,Scheduled Carriers,1814885
Departure,Domestic,Scheduled Carriers,2728966
Arrival,Domestic,Scheduled Carriers,1704934
Arrival,Domestic,Scheduled Carriers,1674668
Departure,Domestic,Scheduled Carriers,2408764
Departure,Domestic,Scheduled Carriers,1803655
Arrival,Domestic,Scheduled Carriers,665591
Departure,Domestic,Scheduled Carriers,2222106
Arrival,Domestic,Scheduled Carriers,2393019
Departure,Domestic,Scheduled Carriers,1676605
Departure,Domestic,Scheduled Carriers,2304599
Departure,Domestic,Scheduled Carriers,1977318
Arrival,Domestic,Scheduled Carriers,2487105
Arrival,Domestic,Scheduled Carriers,2628790
Arrival,Domestic,Scheduled Carriers,259172
Arrival,Domestic,Scheduled Carriers,1567031
Departure,Domestic,Scheduled Carriers,2567103
Departure,Domestic,Scheduled Carriers,1991728
Departure,Domestic,Scheduled Carriers,1522862
Arrival,Domestic,Scheduled Carriers,1701779
Departure,Domestic,Scheduled Carriers,2067777
Arrival,Domestic,Scheduled Carriers,1752533
Departure,Domestic,Scheduled Carriers,2015898
Arrival,Domestic,Scheduled Carriers,1854765
Departure,Domestic,Scheduled Carriers,1759693
Departure,Domestic,Scheduled Carriers,752076
Arrival,Domestic,Scheduled Carriers,2531362
Departure,Domestic,Scheduled Carriers,740599
Arrival,Domestic,Scheduled Carriers,1895660
Departure,Domestic,Scheduled Carriers,1688540
Arrival,Domestic,Scheduled Carriers,449877
Departure,Domestic,Scheduled Carriers,2165893
Arrival,Domestic,Scheduled Carriers,2337694
Arrival,Domestic,Scheduled Carriers,1728624
Arrival,Domestic,Scheduled Carriers,1385488
Arrival,Domestic,Scheduled Carriers,1425145
Arrival,Domestic,Scheduled Carriers,2195318
Arrival,Domestic,Scheduled Carriers,2828776
Departure,Domestic,Scheduled Carriers,665371
Departure,Domestic,Scheduled Carriers,1525878
Arrival,Domestic,Scheduled Carriers,2801217
Departure,Domestic,Scheduled Carriers,2362507
Arrival,Domestic,Scheduled Carriers,1720769
Arrival,Domestic,Scheduled Carriers,2673953
Departure,Domestic,Scheduled Carriers,2533821
Arrival,Domestic,Scheduled Carriers,1937884
Arrival,Domestic,Scheduled Carriers,2102847
Arrival,Domestic,Scheduled Carriers,1563658
Departure,Domestic,Scheduled Carriers,2285936
Departure,Domestic,Scheduled Carriers,2184463
Arrival,Domestic,Scheduled Carriers,2791163
Arrival,Domestic,Scheduled Carriers,1671699
Arrival,Domestic,Scheduled Carriers,2130094
Departure,Domestic,Scheduled Carriers,2134665
Arrival,Domestic,Scheduled Carriers,2675436
Arrival,Domestic,Scheduled Carriers,1752952
Departure,Domestic,Scheduled Carriers,1701450
Arrival,Domestic,Scheduled Carriers,906795
Arrival,Domestic,Scheduled Carriers,2102089
Departure,Domestic,Scheduled Carriers,2248254
Arrival,Domestic,Scheduled Carriers,2267090
Departure,Domestic,Scheduled Carriers,2089295
Arrival,Domestic,Scheduled Carriers,2051881
Arrival,Domestic,Scheduled Carriers,1710335
Arrival,Domestic,Scheduled Carriers,1565284
Departure,Domestic,Scheduled Carriers,1526037
Departure,Domestic,Scheduled Carriers,1624994
Departure,Domestic,Scheduled Carriers,2130593
Arrival,Domestic,Scheduled Carriers,2138072
Departure,Domestic,Scheduled Carriers,2111953
Arrival,Domestic,Scheduled Carriers,2095453
Arrival,Domestic,Scheduled Carriers,2048874
Departure,Domestic,Scheduled Carriers,2028382
Arrival,Domestic,Scheduled Carriers,2317794
Departure,Domestic,Scheduled Carriers,2318755
Arrival,Domestic,Scheduled Carriers,2039580
Departure,Domestic,Scheduled Carriers,2085115
Arrival,Domestic,Scheduled Carriers,1729633
Departure,Domestic,Scheduled Carriers,1725461
Arrival,Domestic,Scheduled Carriers,1326190
Departure,Domestic,Scheduled Carriers,1323446
Departure,Domestic,Scheduled Carriers,1137239
Departure,Domestic,Scheduled Carriers,2091353
Arrival,Domestic,Scheduled Carriers,2022211
Departure,Domestic,Scheduled Carriers,1823966
Arrival,Domestic,Scheduled Carriers,1814120
Arrival,Domestic,Scheduled Carriers,855015
Arrival,Domestic,Scheduled Carriers,1766133
Arrival,Domestic,Scheduled Carriers,2229453
Arrival,Domestic,Scheduled Carriers,2436811
Departure,Domestic,Scheduled Carriers,454927
Departure,Domestic,Scheduled Carriers,1908512
Departure,Domestic,Scheduled Carriers,1883168
Departure,Domestic,Scheduled Carriers,2016457
Departure,Domestic,Scheduled Carriers,2454149
Departure,Domestic,Scheduled Carriers,693318
Departure,Domestic,Scheduled Carriers,2178364
Arrival,Domestic,Scheduled Carriers,1691926
Arrival,Domestic,Scheduled Carriers,1690216
Departure,Domestic,Scheduled Carriers,1576778
Departure,Domestic,Scheduled Carriers,2144299
Arrival,Domestic,Scheduled Carriers,1630224
Departure,Domestic,Scheduled Carriers,1492469
Arrival,Domestic,Scheduled Carriers,1538812
Departure,Domestic,Scheduled Carriers,2241701
Arrival,Domestic,Scheduled Carriers,2233067
Arrival,Domestic,Scheduled Carriers,2253996
Departure,Domestic,Scheduled Carriers,2220887
Departure,Domestic,Scheduled Carriers,2066475
Arrival,Domestic,Scheduled Carriers,2072774
Departure,Domestic,Scheduled Carriers,2027597
Arrival,Domestic,Scheduled Carriers,2715435
Arrival,Domestic,Scheduled Carriers,2367652
Departure,Domestic,Scheduled Carriers,2282279
Arrival,Domestic,Scheduled Carriers,2149661
Departure,Domestic,Scheduled Carriers,2283957
Departure,Domestic,Scheduled Carriers,2714482
Departure,Domestic,Scheduled Carriers,2352121
Arrival,Domestic,Scheduled Carriers,2690294
Arrival,Domestic,Scheduled Carriers,2288824
Departure,Domestic,Scheduled Carriers,2033398
Departure,Domestic,Scheduled Carriers,1446998
Arrival,Domestic,Scheduled Carriers,2319130
Departure,Domestic,Scheduled Carriers,2551287
Arrival,Domestic,Scheduled Carriers,1988905
Arrival,Domestic,Scheduled Carriers,1553617
Departure,Domestic,Scheduled Carriers,2543919
Departure,Domestic,Scheduled Carriers,1673505
Arrival,Domestic,Scheduled Carriers,2600871
Arrival,Domestic,Scheduled Carriers,2134426
Departure,Domestic,Scheduled Carriers,2312325
Departure,Domestic,Scheduled Carriers,2168549
Arrival,Domestic,Scheduled Carriers,1657818
Arrival,Domestic,Scheduled Carriers,1830380
Departure,Domestic,Scheduled Carriers,1652647
Arrival,Domestic,Scheduled Carriers,1656952
Departure,Domestic,Scheduled Carriers,2128484
Departure,Domestic,Scheduled Carriers,1588433
Departure,Domestic,Scheduled Carriers,1593079
Arrival,Domestic,Scheduled Carriers,1520352
Departure,Domestic,Scheduled Carriers,1703031
Arrival,Domestic,Scheduled Carriers,2150602
Departure,Domestic,Scheduled Carriers,1910828
Arrival,Domestic,Scheduled Carriers,1729185
Arrival,Domestic,Scheduled Carriers,1664977
Departure,International,Scheduled Carriers,839329
Departure,International,Scheduled Carriers,813381
Departure,International,Scheduled Carriers,544185
Departure,International,Scheduled Carriers,667174
Arrival,International,Scheduled Carriers,1079150
Arrival,International,Scheduled Carriers,756551
Arrival,International,Scheduled Carriers,811223
Arrival,International,Scheduled Carriers,931298
Departure,International,Scheduled Carriers,349922
Departure,International,Scheduled Carriers,1257146
Departure,International,Scheduled Carriers,1109122
Arrival,International,Scheduled Carriers,497925
Arrival,International,Scheduled Carriers,381223
Departure,International,Scheduled Carriers,1046930
Arrival,International,Scheduled Carriers,700635
Arrival,International,Scheduled Carriers,585661
Arrival,International,Scheduled Carriers,785009
Departure,International,Scheduled Carriers,1218513
Departure,International,Scheduled Carriers,854970
Arrival,International,Scheduled Carriers,1295953
Departure,International,Scheduled Carriers,712347
Arrival,International,Scheduled Carriers,522222
Arrival,International,Scheduled Carriers,833473
Departure,International,Scheduled Carriers,396121
Arrival,International,Scheduled Carriers,961774
Departure,International,Scheduled Carriers,798963
Departure,International,Scheduled Carriers,811558
Departure,International,Scheduled Carriers,768389
Departure,International,Scheduled Carriers,577923
Departure,International,Scheduled Carriers,737176
Arrival,International,Scheduled Carriers,710958
Departure,International,Scheduled Carriers,644570
Departure,International,Scheduled Carriers,833172
Departure,International,Scheduled Carriers,889181
Departure,International,Scheduled Carriers,724410
Arrival,International,Scheduled Carriers,1095495
Departure,International,Scheduled Carriers,1039765
Departure,International,Scheduled Carriers,687105
Arrival,International,Scheduled Carriers,708450
Arrival,International,Scheduled Carriers,441058
Arrival,International,Scheduled Carriers,602784
Departure,International,Scheduled Carriers,440858
Departure,International,Scheduled Carriers,598519
Arrival,International,Scheduled Carriers,936349
Arrival,International,Scheduled Carriers,1287138
Departure,International,Scheduled Carriers,679480
Arrival,International,Scheduled Carriers,636949
Arrival,International,Scheduled Carriers,744381
Departure,International,Scheduled Carriers,1093414
Departure,International,Scheduled Carriers,765155
Arrival,International,Scheduled Carriers,872071
Arrival,International,Scheduled Carriers,682812
Arrival,International,Scheduled Carriers,785239
Arrival,International,Scheduled Carriers,656192
Arrival,International,Scheduled Carriers,793159
Departure,International,Scheduled Carriers,770846
Arrival,International,Scheduled Carriers,560337
Arrival,International,Scheduled Carriers,1021350
Arrival,International,Scheduled Carriers,445393
Departure,International,Scheduled Carriers,757343
Departure,International,Scheduled Carriers,772641
Departure,International,Scheduled Carriers,694987
Arrival,International,Scheduled Carriers,716382
Departure,International,Scheduled Carriers,977543
Arrival,International,Scheduled Carriers,849511
Departure,International,Scheduled Carriers,74411
Arrival,International,Scheduled Carriers,667918
Arrival,International,Scheduled Carriers,1054727
Departure,International,Scheduled Carriers,629877
Arrival,International,Scheduled Carriers,660295
Departure,International,Scheduled Carriers,436178
Arrival,International,Scheduled Carriers,1146400
Departure,International,Scheduled Carriers,756442
Departure,International,Scheduled Carriers,1187250
Arrival,International,Scheduled Carriers,616422
Arrival,International,Scheduled Carriers,782188
Arrival,International,Scheduled Carriers,705502
Departure,International,Scheduled Carriers,931975
Departure,International,Scheduled Carriers,1093291
Arrival,International,Scheduled Carriers,1334194
Arrival,International,Scheduled Carriers,689391
Departure,International,Scheduled Carriers,910120
Departure,International,Scheduled Carriers,970468
Arrival,International,Scheduled Carriers,616530
Departure,International,Scheduled Carriers,653812
Departure,International,Scheduled Carriers,875239
Departure,International,Scheduled Carriers,858740
Arrival,International,Scheduled Carriers,1030083
Departure,International,Scheduled Carriers,781270
Departure,International,Scheduled Carriers,655685
Departure,International,Scheduled Carriers,694117
Departure,International,Scheduled Carriers,892149
Arrival,International,Scheduled Carriers,19246
Arrival,International,Scheduled Carriers,742810
Arrival,International,Scheduled Carriers,720211
Arrival,International,Scheduled Carriers,819103
Departure,International,Scheduled Carriers,671003
Departure,International,Scheduled Carriers,376246
Arrival,International,Scheduled Carriers,370034
Arrival,International,Scheduled Carriers,781785
Arrival,International,Scheduled Carriers,636074
Arrival,International,Scheduled Carriers,163191
Departure,International,Scheduled Carriers,961465
Arrival,International,Scheduled Carriers,526486
Arrival,International,Scheduled Carriers,460817
Arrival,International,Scheduled Carriers,676517
Arrival,International,Scheduled Carriers,826309
Departure,International,Scheduled Carriers,761512
Arrival,International,Scheduled Carriers,753745
Departure,International,Scheduled Carriers,674725
Arrival,International,Scheduled Carriers,883120
Arrival,International,Scheduled Carriers,910829
Arrival,International,Scheduled Carriers,747201
Arrival,International,Scheduled Carriers,715844
Departure,International,Scheduled Carriers,840340
Arrival,International,Scheduled Carriers,164266
Departure,International,Scheduled Carriers,176538
Arrival,International,Scheduled Carriers,297353
Departure,International,Scheduled Carriers,747435
Arrival,International,Scheduled Carriers,606061
Arrival,International,Scheduled Carriers,85003
Arrival,International,Scheduled Carriers,216529
Arrival,International,Scheduled Carriers,939513
Departure,International,Scheduled Carriers,754146
Departure,International,Scheduled Carriers,112459
Arrival,International,Scheduled Carriers,148999
Departure,International,Scheduled Carriers,299659
Arrival,International,Scheduled Carriers,965262
Arrival,International,Scheduled Carriers,366392
Arrival,International,Scheduled Carriers,950462
Departure,International,Scheduled Carriers,1028644
Arrival,International,Scheduled Carriers,723027
Departure,International,Scheduled Carriers,968523
Arrival,International,Scheduled Carriers,1066533
Arrival,International,Scheduled Carriers,1104470
Departure,International,Scheduled Carriers,1070651
Departure,International,Scheduled Carriers,395086
Arrival,International,Scheduled Carriers,768544
Departure,International,Scheduled Carriers,170834
Arrival,International,Scheduled Carriers,954480
Arrival,International,Scheduled Carriers,1156511
Departure,International,Scheduled Carriers,1084853
Departure,International,Scheduled Carriers,113193
Departure,International,Scheduled Carriers,127934
Departure,International,Scheduled Carriers,156042
Arrival,International,Scheduled Carriers,169960
Departure,International,Scheduled Carriers,624711
Departure,International,Scheduled Carriers,139549
Arrival,International,Scheduled Carriers,675668
Arrival,International,Scheduled Carriers,199463
Departure,International,Scheduled Carriers,1107042
Departure,International,Scheduled Carriers,786572
Arrival,International,Scheduled Carriers,896532
Arrival,International,Scheduled Carriers,107978
Departure,International,Scheduled Carriers,372338
Departure,International,Scheduled Carriers,676387
Departure,International,Scheduled Carriers,412342
Departure,International,Scheduled Carriers,748979
Arrival,International,Scheduled Carriers,692015
Departure,International,Scheduled Carriers,569100
Departure,International,Scheduled Carriers,728470
Departure,International,Scheduled Carriers,843103
Arrival,International,Scheduled Carriers,1040768
Arrival,International,Scheduled Carriers,662507
Arrival,International,Scheduled Carriers,504442
Arrival,International,Scheduled Carriers,575680
Departure,International,Scheduled Carriers,649132
Arrival,International,Scheduled Carriers,720743
Departure,International,Scheduled Carriers,671834
Departure,International,Scheduled Carriers,852066
Arrival,International,Scheduled Carriers,905834
Departure,International,Scheduled Carriers,553121
Arrival,International,Scheduled Carriers,697527
Arrival,International,Scheduled Carriers,577182
Departure,International,Scheduled Carriers,664175
Departure,International,Scheduled Carriers,699518
Arrival,International,Scheduled Carriers,645150
Departure,International,Scheduled Carriers,729686
Arrival,International,Scheduled Carriers,949836
Departure,International,Scheduled Carriers,742091
Departure,International,Scheduled Carriers,1017725
Arrival,International,Scheduled Carriers,801177
Arrival,International,Scheduled Carriers,113188
Departure,International,Scheduled Carriers,848186
Departure,International,Scheduled Carriers,200633
Departure,International,Scheduled Carriers,105620
Departure,International,Scheduled Carriers,814329
Departure,International,Scheduled Carriers,207675
Departure,International,Scheduled Carriers,802978
Arrival,International,Scheduled Carriers,120748
Departure,International,Scheduled Carriers,38019
Arrival,International,Scheduled Carriers,768451
Arrival,International,Scheduled Carriers,1251713
Arrival,International,Scheduled Carriers,393093
Departure,International,Scheduled Carriers,709025
Departure,International,Scheduled Carriers,587503
Departure,International,Scheduled Carriers,449304
Arrival,International,Scheduled Carriers,22911
Departure,International,Scheduled Carriers,697348
Arrival,International,Scheduled Carriers,474559
Departure,International,Scheduled Carriers,668372
Departure,International,Scheduled Carriers,738709
Arrival,International,Scheduled Carriers,679304
Arrival,International,Scheduled Carriers,660801
Departure,International,Scheduled Carriers,1144307
Arrival,International,Scheduled Carriers,597229
Arrival,International,Scheduled Carriers,787972
Departure,International,Scheduled Carriers,761043
Departure,International,Scheduled Carriers,656334
Departure,International,Scheduled Carriers,609305
Arrival,International,Scheduled Carriers,607080
Arrival,International,Scheduled Carriers,1080987
Arrival,International,Scheduled Carriers,1052539
Arrival,International,Scheduled Carriers,637504
Arrival,International,Scheduled Carriers,1055396
Arrival,International,Scheduled Carriers,846512
Departure,International,Scheduled Carriers,1045898
Departure,International,Scheduled Carriers,516641
Departure,International,Scheduled Carriers,648107
Arrival,International,Scheduled Carriers,561302
Arrival,International,Scheduled Carriers,954012
Arrival,International,Scheduled Carriers,731130
Departure,International,Scheduled Carriers,587064
Departure,International,Scheduled Carriers,39980
Arrival,International,Scheduled Carriers,992422
Departure,International,Scheduled Carriers,913725
Departure,International,Scheduled Carriers,722275
Departure,International,Scheduled Carriers,730922
Departure,International,Scheduled Carriers,1042004
Arrival,International,Scheduled Carriers,668451
Departure,International,Scheduled Carriers,868428
Departure,International,Scheduled Carriers,1000529
Arrival,International,Scheduled Carriers,631759
Departure,International,Scheduled Carriers,896081
Arrival,International,Scheduled Carriers,1038980
Departure,International,Scheduled Carriers,901919
Departure,International,Scheduled Carriers,609581
Departure,International,Scheduled Carriers,710367
Departure,International,Scheduled Carriers,773930
Arrival,International,Scheduled Carriers,648018
Arrival,International,Scheduled Carriers,622677
Departure,International,Scheduled Carriers,1068232
Arrival,International,Scheduled Carriers,567420
Arrival,International,Scheduled Carriers,1015433
Arrival,International,Scheduled Carriers,1247655
Arrival,International,Scheduled Carriers,723460
Arrival,International,Scheduled Carriers,898190
Arrival,International,Scheduled Carriers,911077
Arrival,International,Scheduled Carriers,933478
Departure,International,Scheduled Carriers,706707
Arrival,International,Scheduled Carriers,684428
Arrival,International,Scheduled Carriers,1088348
Departure,International,Scheduled Carriers,892009
Departure,International,Scheduled Carriers,738090
Arrival,International,Scheduled Carriers,687346
Departure,International,Scheduled Carriers,583948
Departure,International,Scheduled Carriers,623851
Departure,International,Scheduled Carriers,606317
Departure,International,Scheduled Carriers,904854
Departure,International,Scheduled Carriers,722116
Arrival,International,Scheduled Carriers,810121
Departure,International,Scheduled Carriers,813144
Departure,International,Scheduled Carriers,1017739
Arrival,International,Scheduled Carriers,812282
Arrival,International,Scheduled Carriers,838755
Arrival,International,Scheduled Carriers,722785
Arrival,International,Scheduled Carriers,741343
Arrival,International,Scheduled Carriers,850824
Arrival,International,Scheduled Carriers,793045
Departure,International,Scheduled Carriers,1018530
Arrival,International,Scheduled Carriers,883429
Arrival,International,Scheduled Carriers,701836
Departure,International,Scheduled Carriers,1000715
Arrival,International,Scheduled Carriers,718536
Departure,International,Scheduled Carriers,1151435
Arrival,International,Scheduled Carriers,1001086
Departure,International,Scheduled Carriers,664242
Departure,International,Scheduled Carriers,687105
Arrival,International,Scheduled Carriers,872242
Departure,International,Scheduled Carriers,995580
Arrival,International,Scheduled Carriers,1021193
Departure,International,Scheduled Carriers,608336
Departure,International,Scheduled Carriers,699325
Departure,International,Scheduled Carriers,593951
Departure,International,Scheduled Carriers,585896
Arrival,International,Scheduled Carriers,691546
Arrival,International,Scheduled Carriers,682305
Arrival,International,Scheduled Carriers,605368
Departure,International,Scheduled Carriers,673326
Departure,International,Scheduled Carriers,1265736
Departure,International,Scheduled Carriers,1028919
Arrival,International,Scheduled Carriers,633681
Arrival,International,Scheduled Carriers,577394
Departure,International,Scheduled Carriers,678730
Departure,International,Scheduled Carriers,870977
Arrival,International,Scheduled Carriers,698280
Departure,International,Scheduled Carriers,726568
Departure,International,Scheduled Carriers,569516
Departure,International,Scheduled Carriers,1075419
Departure,International,Scheduled Carriers,782875
Departure,International,Scheduled Carriers,790432
Arrival,International,Scheduled Carriers,1305659
Departure,International,Scheduled Carriers,791827
Departure,International,Scheduled Carriers,766253
Departure,International,Scheduled Carriers,678736
Departure,International,Scheduled Carriers,1098084
Departure,International,Scheduled Carriers,880565
Departure,International,Scheduled Carriers,721668
Departure,International,Scheduled Carriers,818060
Arrival,International,Scheduled Carriers,52601
Departure,International,Scheduled Carriers,952380
Arrival,International,Scheduled Carriers,840270
Arrival,International,Scheduled Carriers,659658
Arrival,International,Scheduled Carriers,730477
Arrival,International,Scheduled Carriers,653578
Departure,International,Scheduled Carriers,964511
Arrival,International,Scheduled Carriers,633220
Arrival,International,Scheduled Carriers,1066978
Departure,International,Scheduled Carriers,675389
Departure,International,Scheduled Carriers,633698
Arrival,International,Scheduled Carriers,740033
Departure,International,Scheduled Carriers,774166
Departure,International,Scheduled Carriers,958680
Departure,International,Scheduled Carriers,761545
Arrival,International,Scheduled Carriers,749620
Arrival,International,Scheduled Carriers,761179
Departure,International,Scheduled Carriers,959333
Arrival,International,Scheduled Carriers,1019889
Arrival,International,Scheduled Carriers,833504
Departure,International,Scheduled Carriers,764143
Arrival,International,Scheduled Carriers,1061480
Arrival,International,Scheduled Carriers,702448
Arrival,International,Scheduled Carriers,856290
Arrival,International,Scheduled Carriers,704450
Departure,International,Scheduled Carriers,729813
Arrival,International,Scheduled Carriers,910316
Departure,International,Scheduled Carriers,976689
Departure,International,Scheduled Carriers,1069262
Arrival,International,Scheduled Carriers,1073968
Arrival,International,Scheduled Carriers,740716
Arrival,International,Scheduled Carriers,870266
Arrival,International,Scheduled Carriers,831293
Arrival,International,Scheduled Carriers,1064728
Arrival,International,Scheduled Carriers,745797
Arrival,International,Scheduled Carriers,863090
Arrival,International,Scheduled Carriers,608478
Departure,International,Scheduled Carriers,798746
Departure,International,Scheduled Carriers,741210
Arrival,International,Scheduled Carriers,797813
Departure,International,Scheduled Carriers,1021875
Departure,International,Scheduled Carriers,657528
Departure,International,Scheduled Carriers,786884
Arrival,International,Scheduled Carriers,1183757
Arrival,International,Scheduled Carriers,708299
Departure,International,Scheduled Carriers,1125367
Departure,International,Scheduled Carriers,811488
Departure,International,Scheduled Carriers,988991
Arrival,International,Scheduled Carriers,959237
Departure,International,Scheduled Carriers,695091
Arrival,International,Scheduled Carriers,697343
Departure,International,Scheduled Carriers,651688
Departure,International,Scheduled Carriers,674680
Departure,International,Scheduled Carriers,692281
Departure,International,Scheduled Carriers,673315
Departure,International,Scheduled Carriers,803842
Departure,International,Scheduled Carriers,865869
Departure,International,Scheduled Carriers,669674
Arrival,International,Scheduled Carriers,719404
Departure,International,Scheduled Carriers,1232050
Arrival,International,Scheduled Carriers,961829
Departure,International,Scheduled Carriers,1230046
Arrival,International,Scheduled Carriers,686584
Arrival,International,Scheduled Carriers,849387
Arrival,International,Scheduled Carriers,770762
Departure,International,Scheduled Carriers,596407
Departure,International,Scheduled Carriers,716726
Departure,International,Scheduled Carriers,796929
Arrival,International,Scheduled Carriers,1078421
Arrival,International,Scheduled Carriers,1131009
Departure,International,Scheduled Carriers,834597
Arrival,International,Scheduled Carriers,713486
Arrival,International,Scheduled Carriers,672460
Arrival,International,Scheduled Carriers,1004458
Departure,International,Scheduled Carriers,1001623
Arrival,International,Scheduled Carriers,691292
Arrival,International,Scheduled Carriers,740747
Departure,International,Scheduled Carriers,770466
Arrival,International,Scheduled Carriers,1154807
Arrival,International,Scheduled Carriers,848122
Arrival,International,Scheduled Carriers,630725
Arrival,International,Scheduled Carriers,914598
Departure,International,Scheduled Carriers,596052
Departure,International,Scheduled Carriers,700356
Arrival,International,Scheduled Carriers,909411
Departure,International,Scheduled Carriers,1083831
Departure,International,Scheduled Carriers,951897
Departure,International,Scheduled Carriers,659534
Departure,International,Scheduled Carriers,616820
Arrival,International,Scheduled Carriers,1036963
Departure,International,Scheduled Carriers,1225169
Departure,International,Scheduled Carriers,970026
Departure,International,Scheduled Carriers,707146
Departure,International,Scheduled Carriers,1182525
Arrival,International,Scheduled Carriers,670053
Arrival,International,Scheduled Carriers,858317
Arrival,International,Scheduled Carriers,656826
Departure,International,Scheduled Carriers,1180374
Arrival,International,Scheduled Carriers,989663
Departure,International,Scheduled Carriers,762114
Arrival,International,Scheduled Carriers,725426
Departure,International,Scheduled Carriers,616318
Arrival,International,Scheduled Carriers,754459
Arrival,International,Scheduled Carriers,704449
Arrival,International,Scheduled Carriers,637943
Departure,International,Scheduled Carriers,739197
Arrival,International,Scheduled Carriers,790475
Arrival,International,Scheduled Carriers,840963
Departure,International,Scheduled Carriers,671177
Arrival,International,Scheduled Carriers,611132
Arrival,International,Scheduled Carriers,866526
Departure,International,Scheduled Carriers,680231
Arrival,International,Scheduled Carriers,598236
Arrival,International,Scheduled Carriers,775151
Departure,International,Scheduled Carriers,1055191
Departure,International,Scheduled Carriers,627113
Arrival,International,Scheduled Carriers,558794
Arrival,International,Scheduled Carriers,638866
Arrival,International,Scheduled Carriers,595604
